,q8,q3
0,I,E
1,I,E
2,I,E
3,I,E
4,I,E
5,I,E
6,I,E
7,I,E
8,I,E
9,H,E
10,H,E
11,I,E
12,I,C
13,I,E
14,I,E
15,I,C
16,I,E
17,H,E
18,I,E
19,I,C
20,G,E
21,G,C
22,I,C
23,I,C
24,H,E
25,H,C
26,I,E
27,I,E
28,I,C
29,I,C
30,I,E
31,I,E
32,I,C
33,I,E
34,I,E
35,G,E
36,I,E
37,I,E
38,G,E
39,G,C
40,I,C
41,I,E
42,I,C
43,I,C
44,G,E
45,G,E
46,I,E
47,H,C
48,G,E
49,I,E
50,I,E
51,C,E
52,I,E
53,G,E
54,H,E
55,I,E
56,I,E
57,I,E
58,G,E
59,G,E
60,G,C
61,I,E
62,H,E
63,I,E
64,C,E
65,I,E
66,G,E
67,I,C
68,C,E
69,I,E
70,I,C
71,I,C
72,I,E
73,I,E
74,I,C
75,H,C
76,I,C
77,I,E
78,C,C
79,I,C
80,I,E
81,I,C
82,H,C
83,H,E
84,G,E
85,C,C
86,H,E
87,G,E
88,G,C
89,C,E
90,G,E
91,G,E
92,C,E
93,G,E
94,I,E
95,G,E
96,G,E
97,C,C
98,I,E
99,C,E
100,H,E
101,G,C
102,I,E
103,G,E
104,G,E
105,H,E
106,H,E
107,C,E
108,C,C
109,I,E
110,C,C
111,C,E
112,C,E
113,I,E
114,C,E
115,I,E
116,I,E
117,I,E
118,H,E
119,C,E
120,I,E
121,C,E
122,C,E
123,I,E
124,I,E
125,I,E
126,H,E
127,I,E
128,I,E
129,I,E
130,C,E
131,I,E
132,C,E
133,I,E
134,I,E
135,I,E
136,I,E
137,I,E
138,I,E
139,I,E
140,C,E
141,C,E
142,C,E
143,G,E
144,C,E
145,I,E
146,I,E
147,I,E
148,I,C
149,I,E
150,I,C
151,C,E
152,C,E
153,H,E
154,I,C
155,C,E
156,C,E
157,I,E
158,I,C
159,C,E
160,I,C
161,C,E
162,C,E
163,I,E
164,C,E
165,C,E
166,I,E
167,I,E
168,C,C
169,C,E
170,I,E
171,C,E
172,C,E
173,I,E
174,I,C
175,I,C
176,I,C
177,I,C
178,G,C
179,C,E
180,I,C
181,H,E
182,C,C
183,I,E
184,C,E
185,I,E
186,C,E
187,C,E
188,I,E
189,C,E
190,C,E
191,I,E
192,C,E
193,C,E
194,C,E
195,I,C
196,H,E
197,C,E
198,C,E
199,I,E
200,C,E
201,C,C
202,C,E
203,C,E
204,C,E
205,C,E
206,I,E
207,C,C
208,C,E
209,G,E
210,C,C
211,I,C
212,C,C
213,G,C
214,C,E
215,G,C
216,G,C
217,G,E
218,G,C
219,I,E
220,H,C
221,I,C
222,I,C
223,C,C
224,C,C
225,C,C
226,C,C
227,C,C
228,C,C
229,C,C
230,C,C
231,C,C
232,C,E
233,C,E
234,C,C
235,C,C
236,C,C
237,I,C
238,C,E
239,I,E
240,I,E
241,C,E
242,H,E
243,G,E
244,H,E
245,H,E
246,H,C
247,H,E
248,I,C
249,C,C
250,H,C
251,C,C
252,G,C
253,I,C
254,G,E
255,I,C
256,I,E
257,I,E
258,I,C
259,I,E
260,I,C
261,I,E
262,I,E
263,I,E
264,I,E
265,I,E
266,I,C
267,I,E
268,I,C
269,C,E
270,I,E
271,G,C
272,I,C
273,I,C
274,G,C
275,C,E
276,C,E
277,C,C
278,C,E
279,C,E
280,I,E
281,C,C
282,C,E
283,C,C
284,C,E
285,I,C
286,C,E
287,I,C
288,C,E
289,I,E
290,C,E
291,C,E
292,G,E
293,C,E
294,C,C
295,C,C
296,C,E
297,I,E
298,C,E
299,C,E
300,C,C
301,C,C
302,C,E
303,C,E
304,I,E
305,C,E
306,I,E
307,C,E
308,I,E
309,C,E
310,I,E
311,I,E
312,I,E
313,I,E
314,I,C
315,I,C
316,I,E
317,I,C
318,G,C
319,G,C
320,G,E
321,G,C
322,G,E
323,C,E
324,G,E
325,C,C
326,C,E
327,G,E
328,C,E
329,C,E
330,C,E
331,I,E
332,I,E
333,I,E
334,I,E
335,I,E
336,C,E
337,I,E
338,G,E
339,I,E
340,H,E
341,I,E
342,C,E
343,C,E
344,G,E
345,I,C
346,C,E
347,I,E
348,C,E
349,C,E
350,H,E
351,G,E
352,I,E
353,C,E
354,C,E
355,I,E
356,I,C
357,I,C
358,I,C
359,G,C
360,I,C
361,C,C
362,C,C
363,I,C
364,I,C
365,I,C
366,I,C
367,I,E
368,I,E
369,I,E
370,I,C
371,I,E
372,I,C
373,I,C
374,I,E
375,I,C
376,I,E
377,I,E
378,I,E
379,I,E
380,I,E
381,I,E
382,I,C
383,I,C
384,I,C
385,C,E
386,I,C
387,I,E
388,G,C
389,I,C
390,I,C
391,I,C
392,I,C
393,G,E
394,C,C
395,I,E
396,I,C
397,I,C
398,I,E
399,I,E
400,I,C
401,I,E
402,I,E
403,I,C
404,I,C
405,I,C
406,I,E
407,I,C
408,I,C
409,I,E
410,C,E
411,I,C
412,G,C
413,G,E
414,I,E
415,C,E
416,I,E
417,I,E
418,I,E
419,I,E
420,I,E
421,I,E
422,I,E
423,I,E
424,I,E
425,I,E
426,I,E
427,I,C
428,I,E
429,I,E
430,C,E
431,I,E
432,G,E
433,G,C
434,I,C
435,I,E
436,G,E
437,I,E
438,I,E
439,I,E
440,I,E
441,I,E
442,I,E
443,C,E
444,I,E
445,I,E
446,I,E
447,G,E
448,I,E
449,C,E
450,I,E
451,I,E
452,I,E
453,I,E
454,C,E
455,I,E
456,I,E
457,I,E
458,I,E
459,I,E
460,I,E
461,I,E
462,I,E
463,I,E
464,I,E
465,I,C
466,I,E
467,I,E
468,I,C
469,I,E
470,C,E
471,I,C
472,C,E
473,I,E
474,I,C
475,C,E
476,C,E
477,I,E
478,I,E
479,I,E
480,I,E
481,I,C
482,I,E
483,I,E
484,I,E
485,I,E
486,C,E
487,C,E
488,C,E
489,G,E
490,G,E
491,C,E
492,G,E
493,G,E
494,C,E
495,G,E
496,I,E
497,H,E
498,C,E
499,I,E
500,C,E
501,C,E
502,C,E
503,I,E
504,G,E
505,I,E
506,C,E
507,C,E
508,C,E
509,C,E
510,C,C
511,I,E
512,C,E
513,I,E
514,I,E
515,I,E
516,I,E
517,G,E
518,I,E
519,G,E
520,I,E
521,G,E
522,I,E
523,C,E
524,I,E
525,I,E
526,I,C
527,I,H
528,I,E
529,I,C
530,C,E
531,I,E
532,I,E
533,I,E
534,I,E
535,G,E
536,I,E
537,I,E
538,I,E
539,I,C
540,I,E
541,I,C
542,I,C
543,I,E
544,I,E
545,I,C
546,I,E
547,I,E
548,I,E
549,I,C
550,I,C
551,C,E
552,I,C
553,I,C
554,I,C
555,I,E
556,I,C
557,I,E
558,I,E
559,I,E
560,I,H
561,I,E
562,I,C
563,I,C
564,I,E
565,C,C
566,G,C
567,C,C
568,C,C
569,C,C
570,C,C
571,C,C
572,C,C
573,C,H
574,C,E
575,C,E
576,C,E
577,H,E
578,C,E
579,H,E
580,C,E
581,C,E
582,H,E
583,G,E
584,I,E
585,I,E
586,I,E
587,I,E
588,I,E
589,I,E
590,I,E
591,C,E
592,G,E
593,I,E
594,I,E
595,G,E
596,I,E
597,I,E
598,I,E
599,I,E
600,I,E
601,I,E
602,I,E
603,I,E
604,I,E
605,I,E
606,I,E
607,I,E
608,I,E
609,I,E
610,I,E
611,I,E
612,I,E
613,C,E
614,C,E
615,C,C
616,C,E
617,I,E
618,I,E
619,I,E
620,C,E
621,H,E
622,H,E
623,C,E
624,C,E
625,C,E
626,I,E
627,C,E
628,I,E
629,I,E
630,I,E
631,I,C
632,I,E
633,C,E
634,C,E
635,I,E
636,C,E
637,I,E
638,I,E
639,C,E
640,I,E
641,I,E
642,I,E
643,I,E
644,G,C
645,G,E
646,G,E
647,I,E
648,I,E
649,I,E
650,C,E
651,C,C
652,I,E
653,I,C
654,I,E
655,I,E
656,G,E
657,C,E
658,C,E
659,I,E
660,C,E
661,C,E
662,I,E
663,I,E
664,I,E
665,I,E
666,I,C
667,I,C
668,I,E
669,I,C
670,I,E
671,G,C
672,G,C
673,I,E
674,I,E
675,G,E
676,I,C
677,I,E
678,I,E
679,I,C
680,I,E
681,I,C
682,I,E
683,C,E
684,I,E
685,I,E
686,I,E
687,C,E
688,I,E
689,I,E
690,G,E
691,I,E
692,I,E
693,I,E
694,G,E
695,C,C
696,C,E
697,I,E
698,C,E
699,G,E
700,I,E
701,C,C
702,G,C
703,C,C
704,C,E
705,I,E
706,C,C
707,I,E
708,C,E
709,C,E
710,C,E
711,C,E
712,C,E
713,C,E
714,C,E
715,C,E
716,C,C
717,C,E
718,I,E
719,I,E
720,I,C
721,I,E
722,C,E
723,I,E
724,C,E
725,C,E
726,I,E
727,C,E
728,C,E
729,C,E
730,C,E
731,C,E
732,I,E
733,I,E
734,H,E
735,C,E
736,I,E
737,C,E
738,I,E
739,I,C
740,I,E
741,I,C
742,I,C
743,I,C
744,C,E
745,I,E
746,I,E
747,I,E
748,I,E
749,I,C
750,G,E
751,C,E
752,C,E
753,I,E
754,C,E
755,C,E
756,C,E
757,C,E
758,C,E
759,C,E
760,I,E
761,C,E
762,C,E
763,C,E
764,I,E
765,I,E
766,C,E
767,I,E
768,I,E
769,I,E
770,I,E
771,C,E
772,C,E
773,C,E
774,I,E
775,C,E
776,I,E
777,C,E
778,C,E
779,I,E
780,I,E
781,I,E
782,I,E
783,I,E
784,I,E
785,I,E
786,I,C
787,C,C
788,I,C
789,I,E
790,I,E
791,I,E
792,I,E
793,I,E
794,I,E
795,I,E
796,C,E
797,C,E
798,C,C
799,C,C
800,I,C
801,I,C
802,I,C
803,C,E
804,I,C
805,C,E
806,I,C
807,C,C
808,C,C
809,I,C
810,C,C
811,I,C
812,I,C
813,I,C
814,I,C
815,I,C
816,I,C
817,I,C
818,C,E
819,I,C
820,C,C
821,I,E
822,G,C
823,C,C
824,C,C
825,G,C
826,I,C
827,G,E
828,G,C
829,C,C
830,I,C
831,G,C
832,C,C
833,C,C
834,G,C
835,C,C
836,C,C
837,C,C
838,C,C
839,C,C
840,C,C
841,G,E
842,C,C
843,G,E
844,I,C
845,I,E
846,I,E
847,C,E
848,C,E
849,C,E
850,C,E
851,C,E
852,C,E
853,C,E
854,I,H
855,G,E
856,G,E
857,C,C
858,C,C
859,C,H
860,C,C
861,C,C
862,C,C
863,T,E
864,G,E
865,T,E
866,G,E
867,C,C
868,G,C
869,G,E
870,T,E
871,C,E
872,C,E
873,C,C
874,C,C
875,C,E
876,C,E
877,I,E
878,C,E
879,C,E
880,C,E
881,G,E
882,G,E
883,G,E
884,I,E
885,G,C
886,I,E
887,E,C
888,H,E
889,B,E
890,B,E
891,G,E
892,B,E
893,H,E
894,I,E
895,C,E
896,B,E
897,I,E
898,H,E
899,I,C
900,H,E
901,C,E
902,I,E
903,I,E
904,H,E
905,H,E
906,H,C
907,C,E
908,C,E
909,C,E
910,C,E
911,C,C
912,C,E
913,C,E
914,C,E
915,C,E
916,I,E
917,G,E
918,C,E
919,G,E
920,C,E
921,G,E
922,I,E
923,H,E
924,G,E
925,I,E
926,I,E
927,I,C
928,I,E
929,I,E
930,G,E
931,G,E
932,H,E
933,H,E
934,H,C
935,H,C
936,H,E
937,H,E
938,G,C
939,H,E
940,G,C
941,I,E
942,I,E
943,I,E
944,I,C
945,I,E
946,G,E
947,I,E
948,C,E
949,H,E
950,G,C
951,C,E
952,H,E
953,C,E
954,H,E
955,I,E
956,C,E
957,H,E
958,C,E
959,H,E
960,H,E
961,E,E
962,H,E
963,H,C
964,H,C
965,H,E
966,H,C
967,H,C
968,H,C
969,H,C
970,G,C
971,G,C
972,H,E
973,H,C
974,G,C
975,G,C
976,H,C
977,H,C
978,G,C
979,C,C
980,H,C
981,I,C
982,H,C
983,G,C
984,G,C
985,H,E
986,G,E
987,G,C
988,C,C
989,H,E
990,C,C
991,C,E
992,C,C
993,C,C
994,C,C
995,C,C
996,C,C
997,C,E
998,C,E
999,C,C
1000,C,C
1001,C,E
1002,C,C
1003,C,C
1004,C,C
1005,H,C
1006,C,C
1007,C,E
1008,H,E
1009,G,C
1010,H,C
1011,C,C
1012,H,C
1013,G,C
1014,H,C
1015,C,C
1016,G,E
1017,H,C
1018,H,C
1019,H,C
1020,H,C
1021,H,C
1022,C,C
1023,H,E
1024,H,C
1025,H,E
1026,I,E
1027,H,E
1028,H,E
1029,I,C
1030,I,E
1031,I,E
1032,I,E
1033,H,E
1034,G,C
1035,H,E
1036,I,E
1037,H,E
1038,I,E
1039,I,E
1040,I,E
1041,I,C
1042,I,C
1043,I,E
1044,C,C
1045,I,C
1046,I,C
1047,I,E
1048,G,C
1049,G,C
1050,I,C
1051,I,C
1052,C,C
1053,C,C
1054,G,E
1055,C,C
1056,I,C
1057,G,E
1058,C,E
1059,C,C
1060,I,C
1061,C,C
1062,G,C
1063,I,C
1064,C,C
1065,C,C
1066,C,E
1067,G,E
1068,G,C
1069,G,C
1070,G,C
1071,C,C
1072,C,C
1073,G,E
1074,G,C
1075,C,C
1076,G,E
1077,C,E
1078,C,C
1079,G,E
1080,C,E
1081,G,C
1082,G,E
1083,C,C
1084,C,C
1085,C,C
1086,I,C
1087,C,C
1088,G,E
1089,G,E
1090,C,E
1091,G,E
1092,I,E
1093,I,E
1094,G,E
1095,I,E
1096,C,E
1097,H,E
1098,I,E
1099,I,E
1100,H,E
1101,C,E
1102,H,E
1103,I,E
1104,C,E
1105,I,E
1106,H,E
1107,C,E
1108,I,E
1109,H,E
1110,I,E
1111,H,C
1112,G,E
1113,C,E
1114,C,E
1115,C,E
1116,H,E
1117,I,E
1118,C,E
1119,I,C
1120,C,C
1121,B,E
1122,C,E
1123,H,E
1124,H,E
1125,C,E
1126,H,E
1127,H,E
1128,H,E
1129,H,E
1130,C,E
1131,H,E
1132,H,E
1133,C,E
1134,C,E
1135,H,E
1136,C,C
1137,C,E
1138,H,E
1139,C,E
1140,G,E
1141,C,E
1142,I,E
1143,I,E
1144,C,C
1145,I,E
1146,I,E
1147,I,E
1148,I,E
1149,I,E
1150,G,E
1151,G,E
1152,I,E
1153,C,E
1154,H,E
1155,C,E
1156,C,E
1157,C,E
1158,B,E
1159,G,E
1160,C,E
1161,G,E
1162,C,E
1163,C,E
1164,I,E
1165,C,E
1166,C,E
1167,C,E
1168,I,C
1169,I,E
1170,I,E
1171,I,E
1172,I,E
1173,I,E
1174,C,E
1175,I,E
1176,C,E
1177,C,E
1178,I,E
1179,C,E
1180,C,E
1181,C,E
1182,C,E
1183,C,E
1184,C,E
1185,C,E
1186,C,E
1187,C,E
1188,C,E
1189,C,C
1190,G,E
1191,I,C
1192,G,E
1193,I,E
1194,B,E
1195,I,E
1196,C,E
1197,C,E
1198,C,E
1199,C,C
1200,C,E
1201,C,E
1202,I,E
1203,C,C
1204,G,E
1205,B,E
1206,B,C
1207,C,E
1208,C,E
1209,B,E
1210,B,E
1211,C,E
1212,C,E
1213,C,E
1214,I,E
1215,I,E
1216,C,C
1217,G,E
1218,G,C
1219,E,E
1220,G,C
1221,I,C
1222,C,E
1223,C,E
1224,C,E
1225,I,E
1226,C,C
1227,C,C
1228,C,C
1229,I,C
1230,I,C
1231,B,C
1232,H,C
1233,B,C
1234,C,C
1235,B,C
1236,B,C
1237,I,E
1238,C,C
1239,G,E
1240,B,C
1241,I,E
1242,C,E
1243,C,E
1244,C,E
1245,I,E
1246,C,E
1247,C,E
1248,C,E
1249,C,C
1250,G,C
1251,C,C
1252,G,C
1253,G,C
1254,G,C
1255,H,C
1256,C,C
1257,C,C
1258,I,C
1259,G,C
1260,I,C
1261,C,C
1262,C,C
1263,I,C
1264,C,C
1265,C,C
1266,C,C
1267,I,E
1268,I,E
1269,I,E
1270,I,C
1271,I,E
1272,I,E
1273,I,C
1274,I,C
1275,I,C
1276,G,C
1277,I,H
1278,G,C
1279,I,E
1280,I,C
1281,I,C
1282,I,C
1283,I,C
1284,I,C
1285,E,C
1286,I,E
1287,I,E
1288,C,C
1289,H,C
1290,I,C
1291,I,E
1292,I,C
1293,G,C
1294,C,E
1295,C,E
1296,I,E
1297,I,E
1298,G,C
1299,I,E
1300,H,C
1301,I,C
1302,C,E
1303,C,E
1304,C,E
1305,G,C
1306,G,E
1307,I,E
1308,C,E
1309,I,E
1310,H,E
1311,G,E
1312,I,E
1313,H,E
1314,I,E
1315,G,E
1316,I,E
1317,I,C
1318,I,E
1319,G,E
1320,C,C
1321,C,E
1322,G,E
1323,I,E
1324,C,E
1325,I,E
1326,G,E
1327,C,E
1328,I,E
1329,C,C
1330,I,C
1331,I,E
1332,C,E
1333,C,E
1334,H,E
1335,I,C
1336,I,E
1337,I,E
1338,I,E
1339,I,E
1340,H,C
1341,C,C
1342,I,C
1343,C,E
1344,H,C
1345,I,C
1346,G,E
1347,C,E
1348,G,E
1349,C,C
1350,G,E
1351,G,E
1352,I,E
1353,G,E
1354,I,E
1355,G,C
1356,I,E
1357,C,E
1358,I,C
1359,C,C
1360,G,E
1361,C,E
1362,C,E
1363,C,E
1364,I,C
1365,C,C
1366,C,C
1367,E,C
1368,C,E
1369,H,C
1370,C,C
1371,C,E
1372,H,C
1373,H,C
1374,I,E
1375,H,E
1376,C,C
1377,H,E
1378,H,E
1379,C,C
1380,H,E
1381,H,E
1382,C,C
1383,H,E
1384,H,E
1385,C,E
1386,C,E
1387,H,E
1388,H,E
1389,H,E
1390,H,E
1391,C,E
1392,I,E
1393,C,E
1394,H,E
1395,H,E
1396,H,E
1397,H,E
1398,H,E
1399,H,E
1400,C,E
1401,C,E
1402,H,E
1403,H,E
1404,I,C
1405,C,E
1406,H,E
1407,H,E
1408,I,E
1409,C,E
1410,G,E
1411,I,E
1412,I,E
1413,H,E
1414,I,E
1415,I,E
1416,C,C
1417,C,E
1418,H,C
1419,I,E
1420,C,C
1421,I,C
1422,I,E
1423,I,E
1424,C,C
1425,I,E
1426,I,E
1427,I,E
1428,I,E
1429,I,C
1430,I,E
1431,G,E
1432,I,E
1433,I,E
1434,H,E
1435,H,E
1436,I,E
1437,I,E
1438,C,E
1439,I,E
1440,I,E
1441,I,E
1442,I,E
1443,I,C
1444,I,C
1445,I,C
1446,C,E
1447,I,E
1448,I,C
1449,C,C
1450,H,E
1451,I,C
1452,C,C
1453,C,E
1454,C,E
1455,I,E
1456,C,C
1457,I,E
1458,I,E
1459,I,C
1460,H,E
1461,H,E
1462,I,E
1463,I,E
1464,C,E
1465,C,E
1466,C,E
1467,C,E
1468,C,E
1469,C,E
1470,C,E
1471,C,E
1472,C,E
1473,C,C
1474,C,C
1475,C,E
1476,C,E
1477,C,E
1478,C,C
1479,C,E
1480,C,E
1481,C,E
1482,C,E
1483,H,E
1484,E,C
1485,I,E
1486,C,E
1487,G,E
1488,C,E
1489,G,E
1490,H,E
1491,I,E
1492,C,E
1493,C,E
1494,I,E
1495,C,E
1496,C,E
1497,I,E
1498,I,E
1499,C,E
1500,C,E
1501,C,E
1502,C,E
1503,C,E
1504,I,E
1505,H,E
1506,I,E
1507,C,E
1508,C,E
1509,I,E
1510,I,C
1511,C,C
1512,C,C
1513,G,E
1514,G,C
1515,I,E
1516,I,C
1517,I,E
1518,C,E
1519,C,E
1520,G,E
1521,C,E
1522,C,C
1523,G,E
1524,C,E
1525,H,E
1526,B,E
1527,C,E
1528,G,E
1529,C,C
1530,G,E
1531,C,E
1532,C,C
1533,C,C
1534,G,E
1535,I,E
1536,G,C
1537,I,E
1538,C,E
1539,C,E
1540,I,E
1541,C,E
1542,G,E
1543,I,E
1544,I,E
1545,G,E
1546,I,E
1547,G,E
1548,I,E
1549,H,E
1550,I,E
1551,I,E
1552,G,E
1553,I,E
1554,G,E
1555,G,E
1556,I,E
1557,I,E
1558,I,C
1559,I,E
1560,I,E
1561,I,E
1562,I,E
1563,I,C
1564,I,E
1565,I,E
1566,I,C
1567,I,E
1568,I,E
1569,I,E
1570,I,E
1571,I,E
1572,I,E
1573,I,E
1574,I,E
1575,G,C
1576,I,E
1577,I,E
1578,I,C
1579,I,E
1580,H,E
1581,I,E
1582,G,C
1583,I,E
1584,I,E
1585,I,E
1586,I,C
1587,I,C
1588,I,C
1589,C,E
1590,I,E
1591,C,E
1592,I,E
1593,I,E
1594,I,E
1595,I,C
1596,I,E
1597,I,E
1598,H,E
1599,C,C
1600,G,E
1601,C,E
1602,G,E
1603,I,C
1604,I,E
1605,I,E
1606,I,E
1607,I,E
1608,G,C
1609,I,E
1610,C,C
1611,I,E
1612,C,C
1613,I,C
1614,I,E
1615,I,C
1616,I,E
1617,I,C
1618,C,E
1619,I,C
1620,C,C
1621,I,C
1622,C,C
1623,C,E
1624,C,C
1625,C,E
1626,C,C
1627,I,E
1628,I,E
1629,C,C
1630,I,C
1631,I,C
1632,I,C
1633,I,E
1634,I,E
1635,I,C
1636,I,C
1637,I,E
1638,C,C
1639,I,E
1640,I,E
1641,I,E
1642,I,E
1643,I,C
1644,I,C
1645,I,C
1646,I,C
1647,I,C
1648,I,E
1649,I,E
1650,I,E
1651,I,E
1652,C,E
1653,I,C
1654,I,E
1655,I,E
1656,C,C
1657,I,E
1658,I,C
1659,I,E
1660,G,C
1661,I,E
1662,G,C
1663,C,C
1664,I,C
1665,C,E
1666,I,E
1667,I,C
1668,C,E
1669,I,E
1670,G,E
1671,I,E
1672,C,E
1673,G,E
1674,H,E
1675,G,E
1676,G,E
1677,C,E
1678,I,E
1679,H,E
1680,H,E
1681,H,E
1682,H,E
1683,H,E
1684,H,E
1685,I,E
1686,I,E
1687,I,E
1688,C,E
1689,C,E
1690,I,E
1691,I,E
1692,H,E
1693,H,E
1694,I,E
1695,I,E
1696,I,C
1697,I,C
1698,I,E
1699,I,E
1700,I,C
1701,I,C
1702,I,E
1703,G,C
1704,H,C
1705,I,C
1706,G,C
1707,E,E
1708,G,E
1709,I,E
1710,H,E
1711,I,E
1712,I,C
1713,I,C
1714,I,E
1715,I,E
1716,I,E
1717,I,E
1718,I,E
1719,I,E
1720,I,E
1721,I,C
1722,G,E
1723,I,E
1724,G,C
1725,I,H
1726,I,C
1727,C,C
1728,G,E
1729,G,C
1730,G,C
1731,I,E
1732,I,E
1733,I,C
1734,I,E
1735,C,C
1736,I,C
1737,I,C
1738,I,E
1739,G,E
1740,I,E
1741,I,C
1742,G,C
1743,G,E
1744,G,C
1745,I,E
1746,I,E
1747,I,E
1748,I,E
1749,G,E
1750,I,E
1751,I,E
1752,I,E
1753,I,E
1754,I,E
1755,I,H
1756,C,E
1757,I,E
1758,I,E
1759,I,E
1760,I,C
1761,I,E
1762,I,E
1763,I,E
1764,I,E
1765,I,E
1766,I,C
1767,G,E
1768,C,E
1769,C,E
1770,I,E
1771,I,E
1772,I,E
1773,I,E
1774,I,E
1775,G,C
1776,I,E
1777,I,C
1778,I,C
1779,I,E
1780,C,E
1781,I,H
1782,C,C
1783,I,E
1784,I,C
1785,I,E
1786,C,E
1787,I,E
1788,I,E
1789,C,E
1790,I,E
1791,C,E
1792,I,E
1793,I,E
1794,C,C
1795,G,E
1796,G,E
1797,H,E
1798,H,E
1799,H,E
1800,G,C
1801,I,E
1802,H,E
1803,G,E
1804,I,C
1805,I,C
1806,I,E
1807,I,E
1808,I,E
1809,H,E
1810,H,E
1811,I,E
1812,I,E
1813,I,E
1814,I,E
1815,I,E
1816,I,E
1817,I,E
1818,I,C
1819,I,E
1820,C,C
1821,G,C
1822,I,E
1823,I,C
1824,G,C
1825,I,E
1826,C,E
1827,C,E
1828,C,E
1829,I,C
1830,C,C
1831,C,E
1832,I,E
1833,G,C
1834,C,C
1835,C,E
1836,I,C
1837,I,C
1838,C,C
1839,C,C
1840,G,C
1841,G,C
1842,C,C
1843,G,C
1844,G,C
1845,C,C
1846,C,C
1847,C,C
1848,C,C
1849,C,C
1850,G,C
1851,C,E
1852,C,E
1853,C,E
1854,G,E
1855,C,C
1856,C,C
1857,C,C
1858,C,C
1859,C,C
1860,C,C
1861,I,C
1862,I,C
1863,C,C
1864,C,E
1865,C,C
1866,C,E
1867,C,E
1868,C,E
1869,C,E
1870,C,C
1871,C,C
1872,I,E
1873,C,C
1874,C,C
1875,G,C
1876,I,E
1877,C,C
1878,H,C
1879,C,E
1880,C,E
1881,C,C
1882,I,E
1883,C,E
1884,C,E
1885,C,E
1886,C,C
1887,C,E
1888,C,C
1889,C,E
1890,G,C
1891,G,E
1892,G,E
1893,G,C
1894,C,C
1895,C,C
1896,C,C
1897,C,C
1898,C,E
1899,G,C
1900,C,C
1901,C,C
1902,I,C
1903,I,E
1904,I,E
1905,I,E
1906,I,C
1907,I,C
1908,I,C
1909,I,C
1910,I,E
1911,I,E
1912,C,C
1913,C,E
1914,I,E
1915,C,E
1916,I,E
1917,C,E
1918,I,E
1919,C,E
1920,I,C
1921,I,C
1922,I,C
1923,I,C
1924,I,C
1925,I,C
1926,I,C
1927,C,C
1928,I,C
1929,C,E
1930,I,E
1931,I,E
1932,I,C
1933,C,E
1934,G,E
1935,I,E
1936,I,E
1937,I,E
1938,I,C
1939,I,E
1940,I,C
1941,H,E
1942,G,C
1943,H,E
1944,C,C
1945,C,E
1946,I,E
1947,C,E
1948,C,E
1949,C,E
1950,C,E
1951,C,E
1952,I,E
1953,C,E
1954,C,C
1955,C,E
1956,C,E
1957,C,E
1958,H,E
1959,H,C
1960,H,C
1961,H,E
1962,C,C
1963,H,E
1964,H,E
1965,G,E
1966,H,C
1967,H,E
1968,C,C
1969,C,C
1970,G,C
1971,C,C
1972,C,C
1973,I,E
1974,I,C
1975,H,E
1976,C,E
1977,I,E
1978,H,E
1979,C,E
1980,I,E
1981,I,E
1982,I,E
1983,C,E
1984,I,E
1985,H,E
1986,I,E
1987,H,C
1988,C,E
1989,H,E
1990,C,C
1991,H,E
1992,H,E
1993,C,E
1994,I,E
1995,I,E
1996,I,E
1997,H,E
1998,I,E
1999,H,E
2000,G,E
2001,I,E
2002,H,E
2003,I,E
2004,H,E
2005,G,E
2006,I,E
2007,H,E
2008,C,E
2009,G,E
2010,I,E
2011,C,C
2012,G,E
2013,G,E
2014,C,E
2015,G,E
2016,G,E
2017,G,E
2018,G,E
2019,C,E
2020,I,C
2021,G,E
2022,I,E
2023,G,E
2024,I,E
2025,C,E
2026,H,E
2027,I,E
2028,I,C
2029,I,E
2030,H,E
2031,I,E
2032,C,E
2033,C,E
2034,C,C
2035,I,E
2036,H,E
2037,C,E
2038,H,E
2039,C,E
2040,H,E
2041,I,C
2042,H,E
2043,H,C
2044,C,E
2045,H,C
2046,H,C
2047,H,E
2048,C,E
2049,I,E
2050,H,E
2051,H,E
2052,H,E
2053,I,C
2054,C,C
2055,C,E
2056,I,C
2057,H,E
2058,H,C
2059,C,E
2060,I,E
2061,C,C
2062,I,E
2063,C,C
2064,H,E
2065,I,C
2066,I,C
2067,I,C
2068,B,E
2069,I,E
2070,H,E
2071,C,C
2072,I,C
2073,C,E
2074,C,C
2075,I,C
2076,H,E
2077,H,E
2078,H,C
2079,H,E
2080,I,C
2081,B,C
2082,H,E
2083,B,C
2084,H,C
2085,B,C
2086,B,C
2087,I,C
2088,G,C
2089,C,E
2090,C,C
2091,G,C
2092,I,C
2093,I,C
2094,I,E
2095,I,E
2096,I,E
2097,I,E
2098,C,C
2099,I,E
2100,C,C
2101,G,E
2102,C,C
2103,H,E
2104,H,E
2105,C,E
2106,I,E
2107,C,C
2108,I,C
2109,I,C
2110,I,E
2111,I,C
2112,I,E
2113,C,C
2114,I,C
2115,C,C
2116,C,C
2117,C,C
2118,C,C
2119,C,E
2120,I,E
2121,H,E
2122,I,C
2123,I,E
2124,I,C
2125,I,E
2126,C,C
2127,C,E
2128,C,C
2129,I,E
2130,I,C
2131,C,E
2132,C,E
2133,C,E
2134,C,C
2135,I,C
2136,I,E
2137,C,C
2138,C,C
2139,H,E
2140,C,E
2141,C,E
2142,C,E
2143,C,C
2144,C,C
2145,I,C
2146,I,C
2147,I,C
2148,I,C
2149,B,C
2150,I,E
2151,H,E
2152,C,E
2153,I,E
2154,I,E
2155,I,E
2156,I,E
2157,I,E
2158,I,E
2159,I,E
2160,I,C
2161,I,E
2162,I,E
2163,I,E
2164,I,E
2165,I,E
2166,I,E
2167,I,E
2168,B,E
2169,I,E
2170,I,E
2171,I,E
2172,I,E
2173,I,E
2174,C,E
2175,C,E
2176,I,E
2177,I,E
2178,C,E
2179,I,E
2180,I,E
2181,I,C
2182,C,E
2183,I,E
2184,I,E
2185,I,E
2186,I,E
2187,C,C
2188,C,E
2189,I,E
2190,H,E
2191,G,C
2192,I,E
2193,C,C
2194,C,C
2195,C,C
2196,C,E
2197,I,C
2198,I,C
2199,I,C
2200,I,C
2201,G,C
2202,C,E
2203,H,E
2204,H,E
2205,I,E
2206,C,C
2207,C,C
2208,I,C
2209,I,C
2210,I,E
2211,G,E
2212,C,E
2213,I,E
2214,H,E
2215,C,E
2216,G,C
2217,I,E
2218,I,C
2219,C,C
2220,I,C
2221,C,E
2222,I,E
2223,I,C
2224,G,E
2225,I,E
2226,I,E
2227,C,E
2228,I,E
2229,I,C
2230,I,E
2231,C,C
2232,C,E
2233,C,E
2234,C,C
2235,C,E
2236,C,E
2237,G,E
2238,C,C
2239,G,E
2240,C,C
2241,C,C
2242,G,E
2243,C,E
2244,C,E
2245,I,E
2246,I,E
2247,C,C
2248,C,C
2249,C,E
2250,C,E
2251,C,C
2252,I,E
2253,I,E
2254,I,E
2255,I,E
2256,G,E
2257,I,E
2258,I,C
2259,I,E
2260,I,E
2261,C,C
2262,I,C
2263,I,C
2264,I,C
2265,I,C
2266,I,C
2267,I,E
2268,I,C
2269,I,E
2270,I,C
2271,G,C
2272,G,E
2273,I,E
2274,C,C
2275,C,C
2276,G,C
2277,G,E
2278,G,C
2279,C,E
2280,H,E
2281,C,E
2282,I,C
2283,I,H
2284,I,E
2285,I,E
2286,I,E
2287,I,C
2288,I,C
2289,I,E
2290,C,E
2291,B,C
2292,I,E
2293,I,C
2294,B,C
2295,C,E
2296,C,E
2297,C,C
2298,I,E
2299,H,E
2300,I,E
2301,B,C
2302,I,E
2303,I,E
2304,I,E
2305,I,E
2306,I,E
2307,I,E
2308,I,C
2309,I,C
2310,I,C
2311,I,C
2312,I,C
2313,I,E
2314,I,E
2315,I,C
2316,H,C
2317,H,E
2318,B,C
2319,I,E
2320,I,E
2321,C,E
2322,H,C
2323,I,C
2324,I,E
2325,H,E
2326,C,E
2327,C,E
2328,C,C
2329,H,C
2330,C,E
2331,I,E
2332,C,C
2333,H,E
2334,H,E
2335,I,E
2336,H,C
2337,H,C
2338,C,C
2339,I,E
2340,I,E
2341,C,C
2342,I,E
2343,I,E
2344,I,E
2345,C,C
2346,I,E
2347,I,E
2348,I,E
2349,I,E
2350,I,C
2351,I,E
2352,I,C
2353,I,C
2354,C,E
2355,C,E
2356,I,E
2357,C,C
2358,H,C
2359,C,E
2360,C,C
2361,C,E
2362,I,C
2363,I,E
2364,I,E
2365,C,C
2366,I,E
2367,I,E
2368,I,E
2369,I,C
2370,I,C
2371,I,C
2372,I,E
2373,I,C
2374,H,E
2375,I,E
2376,I,E
2377,C,E
2378,I,E
2379,I,E
2380,C,E
2381,G,E
2382,C,E
2383,I,E
2384,I,E
2385,B,E
2386,G,E
2387,I,C
2388,I,C
2389,I,C
2390,G,E
2391,I,E
2392,C,E
2393,C,E
2394,I,E
2395,I,E
2396,I,E
2397,I,E
2398,I,E
2399,I,E
2400,I,E
2401,B,E
2402,C,C
2403,I,C
2404,I,E
2405,H,E
2406,I,E
2407,H,E
2408,G,E
2409,C,E
2410,C,E
2411,G,E
2412,G,E
2413,C,E
2414,C,E
2415,G,E
2416,C,E
2417,C,E
2418,I,E
2419,C,E
2420,H,E
2421,I,C
2422,C,E
2423,I,E
2424,C,E
2425,I,E
2426,I,E
2427,I,C
2428,I,E
2429,C,E
2430,I,E
2431,C,E
2432,C,E
2433,C,E
2434,I,E
2435,I,E
2436,I,C
2437,G,E
2438,I,E
2439,G,E
2440,I,E
2441,I,E
2442,G,E
2443,C,E
2444,G,C
2445,G,E
2446,G,C
2447,G,E
2448,G,C
2449,G,C
2450,G,E
2451,I,E
2452,G,E
2453,I,E
2454,G,E
2455,G,C
2456,G,E
2457,I,C
2458,H,E
2459,C,E
2460,I,E
2461,G,E
2462,I,E
2463,G,E
2464,C,E
2465,G,E
2466,I,E
2467,I,C
2468,I,E
2469,I,E
2470,I,E
2471,I,E
2472,G,E
2473,G,E
2474,G,E
2475,G,C
2476,G,E
2477,C,E
2478,H,E
2479,C,C
2480,H,E
2481,G,C
2482,G,C
2483,G,E
2484,G,E
2485,G,E
2486,I,E
2487,I,C
2488,G,E
2489,C,E
2490,G,E
2491,G,C
2492,C,C
2493,I,C
2494,C,C
2495,I,E
2496,G,C
2497,I,E
2498,G,E
2499,G,E
2500,I,E
2501,I,E
2502,H,E
2503,I,E
2504,G,E
2505,I,E
2506,G,E
2507,C,E
2508,I,C
2509,I,E
2510,H,E
2511,I,C
2512,C,E
2513,I,E
2514,G,E
2515,I,E
2516,G,E
2517,C,E
2518,H,E
2519,C,C
2520,G,C
2521,G,C
2522,C,E
2523,C,E
2524,C,E
2525,I,E
2526,I,E
2527,C,E
2528,C,E
2529,H,E
2530,C,C
2531,I,C
2532,I,C
2533,I,C
2534,G,C
2535,G,E
2536,G,E
2537,G,E
2538,G,E
2539,G,E
2540,C,E
2541,I,E
2542,C,E
2543,I,E
2544,I,E
2545,G,E
2546,I,E
2547,I,E
2548,I,E
2549,G,E
2550,I,C
2551,I,E
2552,G,E
2553,I,E
2554,G,E
2555,G,E
2556,G,C
2557,H,C
2558,C,C
2559,H,C
2560,I,C
2561,G,C
2562,I,E
2563,I,C
2564,I,C
2565,C,C
2566,G,C
2567,C,C
2568,G,C
2569,C,C
2570,I,C
2571,I,C
2572,I,C
2573,G,C
2574,C,E
2575,I,E
2576,G,E
2577,I,E
2578,G,E
2579,G,E
2580,G,E
2581,I,C
2582,I,E
2583,I,E
2584,I,E
2585,C,E
2586,I,E
2587,G,E
2588,C,E
2589,G,E
2590,I,C
2591,I,C
2592,I,E
2593,I,E
2594,I,C
2595,G,E
2596,G,E
2597,G,C
2598,I,E
2599,G,C
2600,I,C
2601,G,E
2602,G,E
2603,C,C
2604,C,C
2605,G,C
2606,I,C
2607,G,C
2608,G,C
2609,I,C
2610,I,C
2611,I,E
2612,G,C
2613,I,C
2614,G,C
2615,C,C
2616,I,C
2617,G,C
2618,I,E
2619,I,C
2620,C,E
2621,I,E
2622,I,E
2623,I,E
2624,G,E
2625,G,E
2626,I,E
2627,I,C
2628,I,E
2629,I,E
2630,I,E
2631,I,E
2632,I,E
2633,I,E
2634,C,E
2635,I,E
2636,I,E
2637,I,E
2638,C,C
2639,I,E
2640,I,C
2641,G,C
2642,G,E
2643,G,E
2644,G,E
2645,C,E
2646,I,E
2647,I,E
2648,I,C
2649,G,E
2650,I,E
2651,H,E
2652,G,C
2653,H,C
2654,G,C
2655,G,C
2656,I,C
2657,G,E
2658,I,C
2659,G,E
2660,I,C
2661,I,E
2662,G,E
2663,C,C
2664,I,C
2665,G,C
2666,I,C
2667,I,C
2668,I,C
2669,I,C
2670,I,C
2671,I,E
2672,I,C
2673,I,E
2674,G,E
2675,G,E
2676,G,C
2677,I,E
2678,G,E
2679,I,E
2680,G,E
2681,I,C
2682,I,C
2683,G,E
2684,H,E
2685,H,C
2686,I,E
2687,I,E
2688,I,E
2689,I,E
2690,I,E
2691,I,E
2692,I,E
2693,G,E
2694,C,E
2695,G,C
2696,I,E
2697,G,E
2698,I,C
2699,I,C
2700,I,C
2701,G,E
2702,I,C
2703,G,C
2704,G,E
2705,I,E
2706,G,E
2707,G,C
2708,H,E
2709,G,E
2710,H,E
2711,H,C
2712,H,C
2713,I,C
2714,G,C
2715,I,C
2716,G,E
2717,I,C
2718,G,E
2719,I,C
2720,I,C
2721,G,E
2722,I,C
2723,I,E
2724,G,C
2725,I,C
2726,I,C
2727,G,C
2728,I,C
2729,I,E
2730,G,E
2731,G,E
2732,G,E
2733,G,E
2734,G,C
2735,H,E
2736,G,E
2737,C,E
2738,H,E
2739,C,E
2740,C,E
2741,I,C
2742,C,C
2743,I,C
2744,I,E
2745,C,E
2746,I,E
2747,G,E
2748,I,C
2749,I,E
2750,I,C
2751,I,C
2752,C,C
2753,G,E
2754,H,E
2755,H,E
2756,I,E
2757,I,E
2758,H,C
2759,I,C
2760,H,C
2761,I,C
2762,G,C
2763,G,E
2764,I,E
2765,I,C
2766,I,E
2767,G,C
2768,I,C
2769,G,E
2770,C,E
2771,G,E
2772,I,C
2773,I,E
2774,I,E
2775,G,C
2776,I,E
2777,I,E
2778,G,E
2779,H,E
2780,H,E
2781,C,E
2782,C,E
2783,I,E
2784,C,E
2785,H,E
2786,H,E
2787,H,E
2788,H,E
2789,G,E
2790,H,E
2791,H,E
2792,H,E
2793,H,E
2794,C,E
2795,I,E
2796,G,E
2797,H,E
2798,H,E
2799,H,E
2800,G,E
2801,H,E
2802,G,E
2803,H,E
2804,H,E
2805,G,E
2806,G,E
2807,G,E
2808,C,E
2809,H,E
2810,G,E
2811,H,E
2812,H,E
2813,H,E
2814,C,E
2815,C,E
2816,H,E
2817,G,E
2818,H,E
2819,C,E
2820,G,E
2821,C,E
2822,G,E
2823,C,E
2824,C,E
2825,C,E
2826,H,E
2827,H,E
2828,I,E
2829,C,E
2830,C,E
2831,C,E
2832,G,E
2833,G,C
2834,G,E
2835,I,E
2836,I,E
2837,C,E
2838,H,E
2839,I,E
2840,I,E
2841,H,E
2842,G,E
2843,G,E
2844,G,E
2845,I,E
2846,I,E
2847,C,E
2848,H,E
2849,I,E
2850,G,E
2851,H,E
2852,H,E
2853,C,E
2854,H,E
2855,G,E
2856,G,C
2857,H,E
2858,H,E
2859,G,E
2860,H,E
2861,H,E
2862,H,E
2863,H,E
2864,G,E
2865,H,E
2866,H,E
2867,G,E
2868,C,E
2869,C,E
2870,H,E
2871,H,E
2872,G,E
2873,G,E
2874,C,E
2875,C,E
2876,C,E
2877,C,E
2878,C,E
2879,C,E
2880,C,E
2881,H,E
2882,G,E
2883,I,E
2884,I,E
2885,C,E
2886,C,E
2887,C,E
2888,C,E
2889,I,E
2890,G,E
2891,C,E
2892,H,E
2893,I,E
2894,G,E
2895,G,E
2896,C,E
2897,H,E
2898,C,E
2899,G,E
2900,I,E
2901,G,E
2902,I,E
2903,C,E
2904,C,E
2905,G,E
2906,G,C
2907,H,E
2908,H,E
2909,C,E
2910,H,E
2911,C,E
2912,I,E
2913,G,E
2914,G,E
2915,C,E
2916,C,E
2917,G,E
2918,H,E
2919,H,E
2920,H,E
2921,H,E
2922,C,E
2923,I,C
2924,G,E
2925,H,E
2926,H,E
2927,I,E
2928,C,E
2929,H,E
2930,I,E
2931,I,E
2932,I,E
2933,I,E
2934,I,E
2935,H,E
2936,I,C
2937,I,E
2938,C,C
2939,H,E
2940,C,E
2941,I,E
2942,C,E
2943,H,E
2944,G,E
2945,I,E
2946,I,E
2947,H,E
2948,H,E
2949,C,E
2950,H,E
2951,H,E
2952,C,E
2953,I,E
2954,H,E
2955,C,E
2956,I,E
2957,I,E
2958,I,E
2959,C,E
2960,H,E
2961,I,E
2962,H,E
2963,H,E
2964,H,E
2965,I,E
2966,I,E
2967,H,E
2968,H,E
2969,H,E
2970,C,E
2971,C,C
2972,C,E
2973,C,E
2974,I,C
2975,I,E
2976,I,C
2977,G,E
2978,I,E
2979,I,E
2980,I,E
2981,I,E
2982,C,E
2983,H,E
2984,I,E
2985,I,E
2986,I,E
2987,G,E
2988,G,E
2989,I,E
2990,I,E
2991,I,E
2992,I,E
2993,I,E
2994,I,E
2995,I,E
2996,I,E
2997,I,E
2998,I,E
2999,I,E
3000,I,E
3001,I,E
3002,I,E
3003,C,E
3004,G,E
3005,I,E
3006,I,C
3007,I,E
3008,I,E
3009,C,E
3010,G,C
3011,G,E
3012,I,E
3013,G,E
3014,C,C
3015,G,E
3016,C,C
3017,C,C
3018,G,E
3019,G,C
3020,G,C
3021,C,C
3022,I,C
3023,G,E
3024,I,E
3025,I,E
3026,I,C
3027,I,E
3028,I,E
3029,I,E
3030,I,E
3031,I,E
3032,I,E
3033,I,E
3034,H,E
3035,H,E
3036,H,E
3037,H,E
3038,G,E
3039,G,E
3040,G,E
3041,I,E
3042,G,E
3043,I,E
3044,I,E
3045,C,E
3046,I,E
3047,I,E
3048,I,E
3049,I,E
3050,I,E
3051,C,E
3052,I,E
3053,I,E
3054,I,E
3055,I,E
3056,I,E
3057,C,E
3058,I,E
3059,I,E
3060,I,E
3061,I,E
3062,I,C
3063,I,E
3064,I,E
3065,C,E
3066,C,E
3067,C,E
3068,I,E
3069,H,E
3070,I,E
3071,I,E
3072,I,E
3073,I,E
3074,H,E
3075,I,E
3076,C,E
3077,I,E
3078,I,E
3079,I,E
3080,I,E
3081,I,E
3082,I,E
3083,I,E
3084,I,E
3085,I,E
3086,I,E
3087,I,E
3088,G,E
3089,I,E
3090,I,E
3091,G,E
3092,I,E
3093,I,E
3094,I,E
3095,I,E
3096,I,E
3097,G,E
3098,I,E
3099,I,E
3100,I,E
3101,I,E
3102,G,E
3103,G,E
3104,I,E
3105,C,E
3106,H,E
3107,G,E
3108,C,E
3109,I,E
3110,C,E
3111,C,C
3112,I,E
3113,I,E
3114,I,E
3115,C,E
3116,I,E
3117,G,E
3118,I,E
3119,I,E
3120,I,C
3121,H,E
3122,H,E
3123,G,C
3124,C,E
3125,I,E
3126,G,E
3127,G,C
3128,G,E
3129,I,E
3130,I,E
3131,I,E
3132,I,E
3133,G,E
3134,I,E
3135,G,E
3136,H,E
3137,I,E
3138,I,E
3139,H,E
3140,I,E
3141,I,E
3142,G,E
3143,I,E
3144,G,E
3145,I,E
3146,C,E
3147,I,E
3148,I,E
3149,I,E
3150,H,E
3151,G,E
3152,I,E
3153,G,E
3154,H,E
3155,C,E
3156,I,E
3157,I,E
3158,H,E
3159,I,C
3160,G,E
3161,C,E
3162,G,E
3163,H,E
3164,I,E
3165,H,E
3166,I,E
3167,I,E
3168,I,E
3169,G,E
3170,I,C
3171,C,E
3172,I,E
3173,I,C
3174,I,E
3175,C,E
3176,I,E
3177,G,E
3178,I,E
3179,H,E
3180,H,E
3181,H,E
3182,H,E
3183,G,E
3184,G,E
3185,G,E
3186,I,E
3187,H,E
3188,I,E
3189,H,E
3190,I,C
3191,I,E
3192,I,E
3193,H,E
3194,H,E
3195,I,E
3196,I,E
3197,I,E
3198,I,E
3199,H,E
3200,G,E
3201,I,E
3202,G,E
3203,H,E
3204,C,E
3205,H,E
3206,H,E
3207,H,E
3208,H,E
3209,G,E
3210,I,E
3211,I,E
3212,I,E
3213,H,E
3214,G,E
3215,H,E
3216,H,E
3217,H,E
3218,G,E
3219,G,E
3220,H,E
3221,G,E
3222,H,E
3223,H,E
3224,H,E
3225,C,E
3226,H,C
3227,H,E
3228,C,E
3229,C,E
3230,C,E
3231,C,C
3232,C,E
3233,G,E
3234,C,C
3235,C,E
3236,H,E
3237,C,E
3238,C,E
3239,G,E
3240,C,E
3241,C,E
3242,C,E
3243,H,E
3244,C,E
3245,C,E
3246,G,E
3247,G,E
3248,G,E
3249,G,E
3250,G,E
3251,C,E
3252,G,E
3253,G,E
3254,C,E
3255,I,E
3256,C,E
3257,H,E
3258,C,E
3259,C,E
3260,C,E
3261,C,E
3262,C,E
3263,C,E
3264,C,E
3265,I,E
3266,I,E
3267,H,E
3268,H,E
3269,C,E
3270,G,E
3271,C,E
3272,C,E
3273,I,E
3274,C,E
3275,I,E
3276,C,E
3277,I,E
3278,H,E
3279,I,E
3280,C,E
3281,G,E
3282,H,E
3283,I,E
3284,C,E
3285,I,E
3286,C,E
3287,C,E
3288,I,E
3289,G,E
3290,I,E
3291,I,E
3292,H,E
3293,G,E
3294,H,E
3295,G,E
3296,I,E
3297,C,E
3298,C,E
3299,I,E
3300,C,E
3301,I,E
3302,G,E
3303,H,E
3304,C,E
3305,C,E
3306,H,E
3307,H,E
3308,H,E
3309,I,E
3310,H,E
3311,G,E
3312,C,E
3313,G,E
3314,C,E
3315,I,E
3316,I,E
3317,I,E
3318,C,E
3319,C,E
3320,C,E
3321,C,E
3322,C,E
3323,C,E
3324,C,E
3325,C,E
3326,I,E
3327,I,E
3328,I,E
3329,G,E
3330,I,E
3331,I,E
3332,I,E
3333,I,E
3334,I,E
3335,I,E
3336,I,E
3337,I,E
3338,I,E
3339,I,E
3340,I,E
3341,I,E
3342,I,E
3343,I,E
3344,I,E
3345,I,E
3346,I,E
3347,I,E
3348,I,E
3349,I,E
3350,I,E
3351,I,E
3352,I,E
3353,I,E
3354,I,E
3355,I,E
3356,I,E
3357,I,E
3358,I,E
3359,I,E
3360,I,E
3361,H,E
3362,G,E
3363,I,E
3364,G,E
3365,I,E
3366,I,C
3367,G,E
3368,I,C
3369,I,C
3370,G,E
3371,I,E
3372,I,E
3373,I,H
3374,I,C
3375,I,E
3376,I,C
3377,H,E
3378,I,C
3379,I,C
3380,I,E
3381,I,C
3382,I,E
3383,I,E
3384,I,C
3385,I,C
3386,G,H
3387,I,C
3388,I,C
3389,I,E
3390,I,C
3391,B,E
3392,G,E
3393,H,E
3394,B,C
3395,I,E
3396,I,E
3397,I,E
3398,I,E
3399,C,H
3400,I,E
3401,I,H
3402,I,C
3403,I,C
3404,I,H
3405,I,C
3406,C,C
3407,I,E
3408,I,E
3409,I,E
3410,I,E
3411,I,E
3412,C,C
3413,I,E
3414,I,C
3415,I,C
3416,G,E
3417,G,E
3418,G,E
3419,G,C
3420,I,E
3421,I,C
3422,G,E
3423,G,C
3424,G,C
3425,I,C
3426,I,C
3427,I,C
3428,C,E
3429,I,C
3430,I,C
3431,C,C
3432,I,C
3433,C,C
3434,I,C
3435,I,C
3436,I,C
3437,I,C
3438,G,C
3439,I,C
3440,I,C
3441,G,C
3442,I,C
3443,I,E
3444,G,C
3445,C,E
3446,G,C
3447,E,C
3448,G,E
3449,E,C
3450,I,E
3451,E,H
3452,G,C
3453,E,H
3454,G,E
3455,G,E
3456,I,C
3457,I,H
3458,G,E
3459,G,C
3460,I,E
3461,I,E
3462,C,E
3463,G,E
3464,I,E
3465,I,C
3466,I,C
3467,I,E
3468,I,E
3469,I,E
3470,I,E
3471,I,E
3472,I,E
3473,I,C
3474,I,E
3475,I,E
3476,I,C
3477,G,C
3478,I,E
3479,I,C
3480,I,E
3481,G,C
3482,I,C
3483,I,C
3484,G,C
3485,G,C
3486,I,E
3487,G,H
3488,I,E
3489,I,C
3490,I,C
3491,G,H
3492,G,C
3493,G,C
3494,G,H
3495,G,C
3496,E,E
3497,G,C
3498,G,C
3499,G,C
3500,G,C
3501,G,E
3502,G,E
3503,I,E
3504,I,E
3505,I,E
3506,H,E
3507,G,E
3508,I,E
3509,G,E
3510,I,E
3511,I,E
3512,I,E
3513,I,E
3514,I,E
3515,I,E
3516,I,E
3517,I,E
3518,I,C
3519,B,C
3520,C,C
3521,I,C
3522,I,C
3523,H,E
3524,I,C
3525,I,E
3526,I,C
3527,H,C
3528,I,C
3529,I,E
3530,H,C
3531,I,C
3532,I,C
3533,I,E
3534,H,C
3535,H,C
3536,I,E
3537,G,H
3538,I,C
3539,I,C
3540,G,C
3541,I,E
3542,G,C
3543,C,C
3544,H,C
3545,G,E
3546,I,E
3547,I,H
3548,I,E
3549,I,C
3550,I,C
3551,I,E
3552,I,E
3553,G,C
3554,C,E
3555,I,C
3556,I,E
3557,I,C
3558,I,C
3559,I,E
3560,I,C
3561,I,C
3562,I,E
3563,I,E
3564,I,E
3565,I,E
3566,I,E
3567,I,E
3568,I,C
3569,I,E
3570,I,E
3571,I,E
3572,H,E
3573,I,E
3574,I,E
3575,I,E
3576,I,E
3577,I,E
3578,I,E
3579,G,E
3580,I,C
3581,I,C
3582,I,C
3583,I,C
3584,I,C
3585,C,C
3586,C,C
3587,I,C
3588,I,C
3589,G,C
3590,C,C
3591,I,C
3592,I,C
3593,C,C
3594,C,C
3595,C,C
3596,C,C
3597,C,C
3598,C,C
3599,G,C
3600,G,C
3601,C,C
3602,I,C
3603,C,E
3604,H,C
3605,I,C
3606,I,C
3607,C,C
3608,C,E
3609,I,C
3610,I,C
3611,I,E
3612,I,C
3613,I,C
3614,I,C
3615,I,C
3616,I,E
3617,I,E
3618,I,C
3619,I,C
3620,I,C
3621,I,C
3622,I,C
3623,I,C
3624,I,C
3625,I,C
3626,I,C
3627,I,H
3628,I,C
3629,I,C
3630,I,H
3631,I,E
3632,C,C
3633,C,C
3634,I,E
3635,I,C
3636,C,E
3637,G,E
3638,I,C
3639,I,C
3640,I,C
3641,C,C
3642,I,C
3643,I,E
3644,I,E
3645,I,E
3646,H,C
3647,I,C
3648,I,C
3649,H,C
3650,I,C
3651,C,C
3652,I,C
3653,I,C
3654,I,C
3655,C,C
3656,I,E
3657,I,C
3658,I,E
3659,I,C
3660,C,C
3661,I,C
3662,I,C
3663,I,C
3664,I,C
3665,I,C
3666,C,E
3667,C,C
3668,C,C
3669,C,C
3670,I,C
3671,I,E
3672,I,E
3673,I,C
3674,I,C
3675,I,E
3676,C,E
3677,C,E
3678,I,E
3679,C,C
3680,I,E
3681,C,C
3682,C,C
3683,I,E
3684,I,E
3685,I,C
3686,I,C
3687,I,E
3688,I,E
3689,I,E
3690,I,H
3691,I,E
3692,I,C
3693,I,C
3694,I,E
3695,I,C
3696,I,C
3697,I,C
3698,I,C
3699,I,E
3700,I,C
3701,I,C
3702,I,E
3703,I,C
3704,I,E
3705,C,C
3706,C,E
3707,C,C
3708,I,C
3709,I,C
3710,G,C
3711,C,C
3712,H,C
3713,I,E
3714,I,E
3715,H,C
3716,I,C
3717,I,E
3718,C,E
3719,C,E
3720,I,E
3721,I,C
3722,C,E
3723,I,E
3724,I,C
3725,I,E
3726,I,C
3727,I,C
3728,I,E
3729,I,C
3730,I,E
3731,I,E
3732,I,E
3733,I,E
3734,I,E
3735,I,E
3736,I,C
3737,I,E
3738,I,E
3739,I,E
3740,I,E
3741,C,E
3742,H,E
3743,I,E
3744,I,C
3745,I,E
3746,I,E
3747,G,E
3748,C,E
3749,G,E
3750,I,C
3751,G,C
3752,E,C
3753,I,C
3754,I,C
3755,I,C
3756,I,C
3757,E,C
3758,I,E
3759,I,E
3760,I,C
3761,I,C
3762,I,E
3763,G,E
3764,G,E
3765,I,E
3766,I,E
3767,I,E
3768,I,C
3769,I,C
3770,I,E
3771,I,E
3772,B,C
3773,I,E
3774,I,E
3775,G,E
3776,I,E
3777,I,E
3778,I,E
3779,I,E
3780,I,E
3781,I,E
3782,I,E
3783,I,E
3784,I,E
3785,I,E
3786,I,E
3787,C,E
3788,I,E
3789,I,E
3790,I,E
3791,I,E
3792,I,E
3793,I,E
3794,C,E
3795,G,C
3796,I,C
3797,C,E
3798,I,E
3799,G,E
3800,C,E
3801,C,E
3802,C,C
3803,G,E
3804,I,E
3805,G,E
3806,G,E
3807,I,E
3808,C,E
3809,I,E
3810,C,E
3811,I,E
3812,C,C
3813,C,E
3814,C,E
3815,C,E
3816,I,C
3817,C,E
3818,C,C
3819,C,E
3820,G,C
3821,I,C
3822,I,E
3823,C,C
3824,H,C
3825,I,E
3826,I,E
3827,H,E
3828,I,E
3829,C,E
3830,C,C
3831,C,C
3832,G,E
3833,C,E
3834,E,E
3835,C,E
3836,C,E
3837,C,E
3838,C,E
3839,G,E
3840,I,E
3841,C,E
3842,I,E
3843,G,E
3844,I,E
3845,I,E
3846,C,C
3847,C,E
3848,C,E
3849,C,E
3850,I,C
3851,C,E
3852,C,E
3853,C,C
3854,C,C
3855,G,E
3856,G,C
3857,G,C
3858,C,C
3859,C,E
3860,I,E
3861,I,E
3862,I,C
3863,I,C
3864,I,E
3865,C,C
3866,C,E
3867,I,E
3868,C,E
3869,C,E
3870,I,C
3871,I,C
3872,I,E
3873,C,E
3874,G,E
3875,I,C
3876,C,E
3877,I,C
3878,G,E
3879,C,C
3880,I,C
3881,I,E
3882,I,E
3883,I,E
3884,I,E
3885,G,E
3886,I,E
3887,C,E
3888,I,E
3889,I,E
3890,C,C
3891,I,C
3892,C,E
3893,C,C
3894,I,C
3895,I,C
3896,C,E
3897,I,C
3898,C,C
3899,C,C
3900,C,E
3901,I,E
3902,I,C
3903,I,C
3904,G,E
3905,I,C
3906,I,E
3907,I,E
3908,I,C
3909,C,E
3910,I,E
3911,I,E
3912,I,E
3913,H,E
3914,I,E
3915,I,E
3916,C,E
3917,H,E
3918,G,E
3919,G,E
3920,I,E
3921,G,E
3922,G,E
3923,C,E
3924,I,E
3925,G,E
3926,I,E
3927,C,E
3928,C,C
3929,G,E
3930,H,C
3931,H,C
3932,H,E
3933,G,E
3934,G,C
3935,G,C
3936,G,E
3937,H,C
3938,C,E
3939,G,C
3940,C,C
3941,I,C
3942,C,C
3943,G,C
3944,I,C
3945,C,E
3946,I,C
3947,I,C
3948,I,E
3949,C,E
3950,I,E
3951,I,E
3952,I,E
3953,I,E
3954,I,E
3955,I,E
3956,I,E
3957,I,E
3958,I,E
3959,I,E
3960,I,E
3961,I,E
3962,I,C
3963,I,E
3964,I,C
3965,I,E
3966,I,C
3967,I,C
3968,G,E
3969,I,C
3970,G,C
3971,G,E
3972,G,C
3973,G,C
3974,I,E
3975,I,E
3976,I,C
3977,G,E
3978,I,E
3979,I,E
3980,I,E
3981,I,E
3982,I,H
3983,G,E
3984,G,E
3985,G,E
3986,I,E
3987,G,E
3988,G,E
3989,C,E
3990,I,E
3991,I,E
3992,G,E
3993,I,E
3994,I,E
3995,G,E
3996,G,E
3997,H,E
3998,I,E
3999,I,E
4000,G,E
4001,G,E
4002,I,C
4003,G,C
4004,G,E
4005,I,C
4006,G,C
4007,G,C
4008,G,E
4009,I,E
4010,I,E
4011,I,C
4012,I,E
4013,I,E
4014,I,C
4015,I,E
4016,I,E
4017,I,E
4018,I,E
4019,I,E
4020,G,E
4021,I,E
4022,I,E
4023,I,E
4024,I,E
4025,I,E
4026,I,C
4027,I,E
4028,C,E
4029,I,E
4030,G,E
4031,G,C
4032,G,E
4033,I,E
4034,G,E
4035,I,E
4036,I,E
4037,G,C
4038,I,C
4039,C,E
4040,I,C
4041,C,E
4042,I,C
4043,I,C
4044,I,E
4045,I,C
4046,G,C
4047,I,C
4048,G,C
4049,I,C
4050,I,C
4051,I,C
4052,I,E
4053,G,E
4054,I,E
4055,I,E
4056,I,E
4057,I,C
4058,I,C
4059,I,C
4060,I,E
4061,I,E
4062,I,E
4063,I,E
4064,I,C
4065,I,E
4066,G,E
4067,I,E
4068,C,E
4069,G,E
4070,I,E
4071,I,E
4072,G,E
4073,I,E
4074,I,C
4075,I,E
4076,I,C
4077,I,C
4078,G,E
4079,I,E
4080,I,C
4081,I,C
4082,G,E
4083,I,E
4084,I,C
4085,G,C
4086,I,C
4087,I,C
4088,I,C
4089,I,C
4090,I,C
4091,I,E
4092,I,C
4093,I,E
4094,I,C
4095,I,E
4096,I,E
4097,I,E
4098,G,E
4099,I,C
4100,I,E
4101,G,E
4102,I,E
4103,I,E
4104,I,E
4105,I,C
4106,I,C
4107,H,E
4108,I,E
4109,I,C
4110,H,E
4111,H,C
4112,H,E
4113,I,E
4114,H,E
4115,C,E
4116,I,E
4117,H,E
4118,I,E
4119,G,E
4120,G,E
4121,I,E
4122,I,C
4123,I,E
4124,I,E
4125,G,E
4126,I,E
4127,H,E
4128,I,C
4129,G,E
4130,I,C
4131,I,C
4132,G,E
4133,I,E
4134,I,C
4135,I,C
4136,I,C
4137,I,C
4138,I,E
4139,I,E
4140,I,E
4141,I,E
4142,I,C
4143,I,E
4144,I,E
4145,I,E
4146,I,E
4147,I,C
4148,H,E
4149,I,E
4150,I,E
4151,I,E
4152,I,E
4153,I,E
4154,H,E
4155,I,E
4156,I,E
4157,C,E
4158,I,E
4159,I,E
4160,I,E
4161,I,E
4162,I,E
4163,I,E
4164,I,E
4165,I,E
4166,I,E
4167,I,C
4168,I,E
4169,C,E
4170,I,E
4171,I,E
4172,I,E
4173,G,E
4174,G,C
4175,I,C
4176,G,C
4177,B,C
4178,G,C
4179,G,C
4180,G,C
4181,G,C
4182,I,E
4183,I,E
4184,C,E
4185,I,C
4186,I,E
4187,I,E
4188,I,C
4189,I,C
4190,I,E
4191,I,C
4192,I,E
4193,I,E
4194,I,E
4195,I,E
4196,I,E
4197,I,E
4198,I,E
4199,I,E
4200,I,E
4201,I,E
4202,I,E
4203,I,E
4204,I,E
4205,I,E
4206,I,C
4207,I,C
4208,I,E
4209,I,E
4210,I,E
4211,G,E
4212,I,E
4213,I,E
4214,H,E
4215,G,E
4216,I,E
4217,I,E
4218,I,E
4219,H,E
4220,G,E
4221,G,E
4222,I,E
4223,I,E
4224,I,E
4225,I,E
4226,I,E
4227,I,C
4228,G,E
4229,I,E
4230,I,E
4231,I,E
4232,I,E
4233,I,E
4234,I,E
4235,G,E
4236,G,E
4237,I,E
4238,I,E
4239,I,E
4240,I,E
4241,I,E
4242,C,C
4243,I,E
4244,G,E
4245,G,E
4246,I,C
4247,H,E
4248,I,E
4249,C,E
4250,C,E
4251,I,E
4252,I,E
4253,I,E
4254,I,E
4255,I,E
4256,I,E
4257,I,E
4258,I,E
4259,I,E
4260,I,E
4261,I,E
4262,I,E
4263,I,E
4264,I,C
4265,I,E
4266,I,E
4267,I,E
4268,I,E
4269,I,E
4270,I,E
4271,I,E
4272,C,E
4273,I,C
4274,I,C
4275,I,C
4276,I,C
4277,I,E
4278,I,C
4279,H,C
4280,G,C
4281,C,E
4282,G,E
4283,I,C
4284,I,C
4285,G,C
4286,I,E
4287,I,C
4288,G,E
4289,G,E
4290,I,E
4291,I,E
4292,I,E
4293,C,E
4294,I,E
4295,I,E
4296,I,E
4297,I,E
4298,I,E
4299,I,C
4300,I,E
4301,G,C
4302,G,E
4303,C,C
4304,C,E
4305,C,C
4306,I,C
4307,C,E
4308,C,E
4309,C,E
4310,C,E
4311,I,C
4312,I,E
4313,I,E
4314,I,E
4315,C,E
4316,I,E
4317,I,E
4318,I,E
4319,I,E
4320,I,E
4321,I,E
4322,G,E
4323,I,E
4324,C,C
4325,I,E
4326,I,E
4327,I,E
4328,I,E
4329,I,E
4330,I,E
4331,I,E
4332,I,C
4333,I,H
4334,I,C
4335,I,C
4336,G,C
4337,I,C
4338,I,C
4339,C,C
4340,I,C
4341,C,C
4342,G,C
4343,G,E
4344,C,C
4345,C,C
4346,I,E
4347,C,E
4348,C,E
4349,I,E
4350,I,E
4351,C,E
4352,C,E
4353,I,E
4354,I,E
4355,C,E
4356,I,E
4357,G,E
4358,C,E
4359,I,E
4360,C,E
4361,I,C
4362,C,C
4363,I,E
4364,C,E
4365,C,E
4366,C,E
4367,C,E
4368,I,E
4369,I,E
4370,C,E
4371,I,E
4372,I,E
4373,C,E
4374,I,E
4375,C,E
4376,C,C
4377,C,E
4378,C,C
4379,I,E
4380,C,E
4381,C,C
4382,C,C
4383,C,E
4384,C,E
4385,C,E
4386,I,E
4387,I,E
4388,I,E
4389,I,E
4390,I,E
4391,H,E
4392,H,E
4393,I,E
4394,C,E
4395,H,E
4396,H,E
4397,I,E
4398,H,E
4399,I,E
4400,C,E
4401,C,E
4402,H,E
4403,I,E
4404,C,E
4405,C,E
4406,G,E
4407,C,C
4408,I,E
4409,I,E
4410,H,E
4411,I,E
4412,C,E
4413,H,E
4414,H,E
4415,C,E
4416,I,E
4417,C,E
4418,I,E
4419,H,E
4420,C,E
4421,C,E
4422,I,C
4423,C,E
4424,I,E
4425,G,E
4426,I,C
4427,I,E
4428,G,E
4429,I,C
4430,G,E
4431,I,E
4432,C,E
4433,C,C
4434,C,E
4435,C,E
4436,H,E
4437,C,E
4438,C,E
4439,C,E
4440,G,E
4441,G,E
4442,H,E
4443,G,E
4444,G,E
4445,G,E
4446,I,E
4447,I,C
4448,I,E
4449,I,E
4450,I,E
4451,I,E
4452,G,E
4453,I,E
4454,I,C
4455,I,E
4456,I,C
4457,C,E
4458,I,E
4459,I,E
4460,C,E
4461,I,E
4462,C,E
4463,I,E
4464,G,E
4465,C,C
4466,C,C
4467,C,E
4468,C,C
4469,C,C
4470,C,E
4471,I,E
4472,C,E
4473,C,E
4474,C,E
4475,I,E
4476,G,E
4477,C,E
4478,C,C
4479,C,C
4480,C,E
4481,C,E
4482,C,E
4483,C,E
4484,C,E
4485,C,C
4486,C,E
4487,C,C
4488,I,C
4489,C,C
4490,I,E
4491,C,C
4492,C,E
4493,I,C
4494,C,C
4495,C,E
4496,C,E
4497,I,E
4498,I,E
4499,C,E
4500,I,C
4501,I,E
4502,I,E
4503,C,E
4504,I,E
4505,H,E
4506,H,E
4507,I,C
4508,I,E
4509,H,E
4510,C,E
4511,I,E
4512,I,E
4513,I,E
4514,I,E
4515,H,E
4516,C,E
4517,I,C
4518,C,E
4519,I,E
4520,C,E
4521,I,E
4522,C,C
4523,I,E
4524,I,E
4525,C,E
4526,I,E
4527,I,E
4528,I,E
4529,I,E
4530,I,E
4531,C,E
4532,C,E
4533,I,E
4534,I,E
4535,H,E
4536,I,E
4537,H,E
4538,C,E
4539,C,E
4540,I,E
4541,C,E
4542,I,E
4543,I,E
4544,C,E
4545,I,E
4546,C,E
4547,C,E
4548,C,C
4549,I,E
4550,I,E
4551,H,E
4552,G,E
4553,I,E
4554,C,E
4555,G,E
4556,G,E
4557,G,E
4558,G,E
4559,I,E
4560,I,E
4561,I,E
4562,I,E
4563,I,E
4564,I,E
4565,I,E
4566,I,E
4567,I,E
4568,I,C
4569,I,E
4570,C,E
4571,I,E
4572,I,C
4573,I,E
4574,I,E
4575,I,E
4576,I,E
4577,I,E
4578,I,E
4579,I,C
4580,I,E
4581,I,E
4582,I,E
4583,I,E
4584,C,E
4585,I,E
4586,I,E
4587,C,E
4588,I,C
4589,I,C
4590,C,E
4591,C,C
4592,I,C
4593,I,H
4594,C,E
4595,C,C
4596,I,E
4597,I,E
4598,G,C
4599,I,C
4600,G,E
4601,C,E
4602,I,C
4603,I,E
4604,C,C
4605,I,C
4606,I,C
4607,I,E
4608,G,E
4609,I,E
4610,I,E
4611,C,E
4612,I,E
4613,I,E
4614,G,E
4615,G,E
4616,C,E
4617,I,E
4618,I,E
4619,C,E
4620,C,E
4621,I,E
4622,C,E
4623,H,E
4624,C,E
4625,C,E
4626,I,C
4627,C,E
4628,C,E
4629,I,E
4630,I,E
4631,C,E
4632,I,C
4633,I,E
4634,I,E
4635,I,E
4636,C,E
4637,C,E
4638,I,C
4639,C,E
4640,H,E
4641,I,E
4642,C,E
4643,I,E
4644,I,E
4645,I,E
4646,I,E
4647,I,E
4648,I,E
4649,I,E
4650,G,E
4651,I,E
4652,G,E
4653,E,E
4654,H,E
4655,G,E
4656,I,E
4657,E,E
4658,H,E
4659,I,E
4660,G,E
4661,I,C
4662,I,E
4663,I,E
4664,I,C
4665,I,E
4666,E,E
4667,I,E
4668,I,E
4669,H,E
4670,I,E
4671,G,E
4672,G,E
4673,I,E
4674,H,E
4675,I,E
4676,H,E
4677,I,E
4678,C,E
4679,I,E
4680,I,E
4681,I,E
4682,H,E
4683,I,C
4684,H,E
4685,H,E
4686,H,E
4687,I,E
4688,I,E
4689,I,E
4690,I,E
4691,I,E
4692,I,E
4693,I,E
4694,I,E
4695,H,E
4696,I,H
4697,G,E
4698,H,E
4699,I,E
4700,I,E
4701,I,E
4702,I,C
4703,I,E
4704,I,C
4705,I,E
4706,I,E
4707,G,E
4708,I,E
4709,H,E
4710,H,E
4711,H,E
4712,H,E
4713,B,E
4714,E,E
4715,G,E
4716,I,E
4717,I,E
4718,I,E
4719,H,E
4720,I,E
4721,H,E
4722,H,E
4723,H,E
4724,I,E
4725,I,E
4726,I,E
4727,I,C
4728,I,E
4729,I,E
4730,I,C
4731,I,E
4732,I,E
4733,I,C
4734,T,E
4735,I,C
4736,I,E
4737,I,E
4738,I,C
4739,I,E
4740,I,E
4741,G,E
4742,I,E
4743,I,E
4744,G,H
4745,I,E
4746,I,C
4747,I,H
4748,I,E
4749,I,E
4750,C,C
4751,I,H
4752,E,E
4753,I,C
4754,G,H
4755,C,H
4756,I,E
4757,I,E
4758,G,E
4759,I,C
4760,I,E
4761,I,E
4762,I,E
4763,I,E
4764,I,E
4765,G,E
4766,I,E
4767,C,E
4768,G,E
4769,I,E
4770,I,E
4771,I,C
4772,I,E
4773,I,C
4774,E,E
4775,G,E
4776,I,E
4777,G,E
4778,G,C
4779,I,E
4780,G,E
4781,I,E
4782,C,C
4783,I,E
4784,C,E
4785,I,E
4786,I,C
4787,C,E
4788,G,E
4789,I,E
4790,C,E
4791,E,E
4792,G,C
4793,I,E
4794,G,E
4795,I,E
4796,G,E
4797,I,E
4798,I,E
4799,I,E
4800,I,E
4801,I,E
4802,I,E
4803,I,E
4804,I,E
4805,I,E
4806,I,E
4807,I,C
4808,I,E
4809,I,E
4810,I,E
4811,I,E
4812,I,E
4813,I,E
4814,I,E
4815,I,E
4816,I,E
4817,I,E
4818,I,E
4819,I,E
4820,I,E
4821,I,E
4822,I,E
4823,I,H
4824,C,E
4825,I,E
4826,I,H
4827,I,E
4828,I,E
4829,I,E
4830,I,E
4831,I,E
4832,I,E
4833,I,E
4834,I,E
4835,I,E
4836,I,E
4837,I,E
4838,I,E
4839,I,E
4840,I,E
4841,I,E
4842,I,E
4843,G,E
4844,G,E
4845,G,E
4846,G,C
4847,I,E
4848,I,E
4849,I,E
4850,I,E
4851,I,E
4852,I,E
4853,I,H
4854,I,E
4855,I,E
4856,I,E
4857,I,E
4858,I,E
4859,I,E
4860,I,E
4861,I,E
4862,I,E
4863,I,E
4864,I,E
4865,I,E
4866,I,E
4867,I,E
4868,I,E
4869,I,E
4870,I,E
4871,I,E
4872,I,E
4873,I,E
4874,I,E
4875,I,E
4876,I,E
4877,I,E
4878,H,E
4879,H,E
4880,I,E
4881,I,E
4882,I,E
4883,H,E
4884,H,E
4885,I,E
4886,I,E
4887,I,E
4888,I,E
4889,I,C
4890,I,C
4891,I,E
4892,I,E
4893,I,E
4894,H,E
4895,H,E
4896,H,E
4897,I,E
4898,G,C
4899,G,C
4900,G,E
4901,I,E
4902,I,E
4903,I,E
4904,I,E
4905,I,E
4906,I,E
4907,H,E
4908,I,E
4909,I,E
4910,I,E
4911,I,E
4912,I,E
4913,I,E
4914,I,H
4915,I,E
4916,I,E
4917,I,H
4918,I,E
4919,I,E
4920,I,E
4921,I,C
4922,G,C
4923,I,E
4924,G,C
4925,I,E
4926,H,E
4927,G,C
4928,I,H
4929,I,E
4930,I,H
4931,I,E
4932,I,E
4933,I,H
4934,C,E
4935,H,E
4936,I,H
4937,I,H
4938,I,E
4939,I,E
4940,I,E
4941,I,E
4942,I,H
4943,I,E
4944,C,E
4945,I,E
4946,I,E
4947,I,E
4948,I,E
4949,I,E
4950,G,E
4951,I,E
4952,I,E
4953,I,E
4954,I,C
4955,I,E
4956,I,C
4957,I,C
4958,I,C
4959,I,E
4960,G,E
4961,I,C
4962,I,E
4963,H,E
4964,G,E
4965,I,H
4966,I,E
4967,I,E
4968,I,E
4969,I,E
4970,I,E
4971,I,E
4972,I,E
4973,I,E
4974,I,E
4975,I,E
4976,I,E
4977,I,E
4978,I,E
4979,I,E
4980,I,E
4981,C,E
4982,I,E
4983,H,C
4984,I,E
4985,H,E
4986,I,C
4987,H,E
4988,H,E
4989,I,E
4990,C,E
4991,I,E
4992,C,E
4993,C,C
4994,I,E
4995,I,E
4996,I,E
4997,H,E
4998,H,E
4999,I,E
5000,I,E
5001,I,E
5002,I,E
5003,H,E
5004,I,E
5005,I,C
5006,I,E
5007,I,E
5008,I,E
5009,I,E
5010,I,E
5011,C,E
5012,H,E
5013,H,E
5014,C,E
5015,H,E
5016,H,E
5017,H,E
5018,C,E
5019,I,C
5020,I,E
5021,C,E
5022,I,E
5023,I,E
5024,I,E
5025,H,E
5026,H,E
5027,C,E
5028,I,E
5029,C,E
5030,I,C
5031,C,E
5032,I,E
5033,C,E
5034,I,E
5035,I,E
5036,I,E
5037,I,C
5038,I,E
5039,I,E
5040,I,E
5041,I,C
5042,I,E
5043,G,E
5044,C,E
5045,H,E
5046,C,E
5047,G,E
5048,I,E
5049,G,E
5050,C,E
5051,C,E
5052,C,E
5053,C,E
5054,C,E
5055,C,E
5056,I,E
5057,G,E
5058,G,E
5059,G,E
5060,G,E
5061,I,E
5062,I,E
5063,I,E
5064,I,E
5065,I,E
5066,I,E
5067,I,C
5068,I,E
5069,G,C
5070,I,E
5071,I,E
5072,I,E
5073,I,E
5074,G,E
5075,I,E
5076,I,C
5077,I,E
5078,I,E
5079,I,E
5080,I,E
5081,I,E
5082,I,E
5083,I,E
5084,I,C
5085,I,E
5086,I,E
5087,I,E
5088,G,C
5089,G,E
5090,G,C
5091,I,E
5092,G,C
5093,G,E
5094,G,E
5095,I,E
5096,C,C
5097,G,E
5098,I,C
5099,G,C
5100,G,C
5101,I,C
5102,C,E
5103,C,E
5104,I,E
5105,I,C
5106,I,E
5107,I,E
5108,I,E
5109,I,E
5110,I,E
5111,C,E
5112,G,E
5113,G,E
5114,G,E
5115,G,E
5116,C,E
5117,I,E
5118,I,E
5119,C,E
5120,I,E
5121,C,E
5122,I,E
5123,I,E
5124,I,E
5125,I,E
5126,I,E
5127,I,E
5128,G,E
5129,I,E
5130,G,E
5131,I,E
5132,C,E
5133,I,E
5134,G,E
5135,I,E
5136,I,H
5137,G,C
5138,G,C
5139,G,C
5140,I,C
5141,I,C
5142,I,C
5143,I,C
5144,G,C
5145,C,E
5146,C,C
5147,I,E
5148,I,E
5149,I,C
5150,G,E
5151,G,C
5152,I,C
5153,I,C
5154,I,E
5155,G,E
5156,C,E
5157,G,C
5158,C,C
5159,C,E
5160,I,E
5161,C,E
5162,I,E
5163,I,C
5164,C,C
5165,I,C
5166,C,C
5167,C,C
5168,C,C
5169,C,E
5170,G,E
5171,G,E
5172,G,C
5173,I,E
5174,I,E
5175,I,E
5176,G,E
5177,G,C
5178,G,E
5179,I,C
5180,I,E
5181,I,E
5182,I,E
5183,I,C
5184,I,C
5185,G,C
5186,G,C
5187,I,C
5188,G,C
5189,I,C
5190,G,C
5191,I,C
5192,G,C
5193,C,C
5194,I,C
5195,C,E
5196,I,E
5197,I,E
5198,G,C
5199,I,C
5200,G,C
5201,I,C
5202,C,C
5203,I,E
5204,G,C
5205,C,E
5206,C,C
5207,C,E
5208,C,C
5209,I,C
5210,C,E
5211,C,C
5212,G,E
5213,C,E
5214,I,C
5215,G,E
5216,I,C
5217,C,E
5218,C,C
5219,I,C
5220,G,E
5221,I,C
5222,G,C
5223,G,C
5224,I,C
5225,C,C
5226,H,E
5227,I,C
5228,I,E
5229,I,E
5230,I,E
5231,I,E
5232,G,C
5233,I,C
5234,G,C
5235,G,C
5236,G,C
5237,I,C
5238,E,C
5239,G,C
5240,C,E
5241,I,C
5242,C,E
5243,I,C
5244,I,E
5245,I,C
5246,I,C
5247,I,C
5248,G,E
5249,G,C
5250,G,C
5251,G,E
5252,C,E
5253,I,E
5254,G,E
5255,G,E
5256,C,C
5257,G,E
5258,I,E
5259,I,C
5260,I,E
5261,G,E
5262,C,C
5263,C,E
5264,C,E
5265,C,E
5266,G,E
5267,I,H
5268,I,E
5269,I,C
5270,G,E
5271,G,C
5272,G,C
5273,G,C
5274,I,C
5275,I,E
5276,I,E
5277,I,E
5278,I,E
5279,I,C
5280,G,E
5281,G,C
5282,G,C
5283,G,C
5284,I,C
5285,I,C
5286,G,E
5287,I,C
5288,I,C
5289,G,E
5290,I,C
5291,G,C
5292,I,C
5293,I,C
5294,C,C
5295,I,C
5296,I,E
5297,I,E
5298,I,E
5299,G,E
5300,I,C
5301,I,E
5302,I,C
5303,C,C
5304,G,E
5305,I,E
5306,G,C
5307,I,E
5308,G,E
5309,G,E
5310,H,H
5311,I,C
5312,I,C
5313,G,E
5314,G,C
5315,G,E
5316,G,E
5317,I,E
5318,H,E
5319,G,E
5320,G,E
5321,I,E
5322,I,E
5323,I,E
5324,G,C
5325,G,C
5326,G,C
5327,G,E
5328,I,E
5329,I,E
5330,I,E
5331,I,E
5332,I,C
5333,I,E
5334,I,E
5335,I,E
5336,G,C
5337,I,E
5338,I,C
5339,G,C
5340,G,E
5341,I,C
5342,G,C
5343,H,C
5344,G,C
5345,I,E
5346,G,C
5347,I,E
5348,G,E
5349,I,C
5350,I,C
5351,G,C
5352,G,E
5353,I,C
5354,C,C
5355,H,C
5356,I,E
5357,G,E
5358,I,C
5359,I,C
5360,I,H
5361,I,C
5362,I,C
5363,I,C
5364,I,C
5365,I,C
5366,I,C
5367,I,C
5368,I,C
5369,I,C
5370,I,C
5371,I,C
5372,I,C
5373,I,C
5374,I,C
5375,I,C
5376,I,C
5377,I,C
5378,I,C
5379,I,C
5380,I,E
5381,I,C
5382,I,C
5383,G,E
5384,G,E
5385,G,E
5386,G,E
5387,G,E
5388,G,C
5389,I,C
5390,I,E
5391,I,C
5392,I,E
5393,G,E
5394,G,E
5395,G,C
5396,I,E
5397,I,E
5398,I,E
5399,I,E
5400,I,E
5401,I,E
5402,H,C
5403,I,E
5404,G,C
5405,G,C
5406,G,C
5407,G,E
5408,I,C
5409,I,C
5410,C,C
5411,I,C
5412,I,E
5413,I,C
5414,I,E
5415,I,C
5416,I,E
5417,G,E
5418,G,E
5419,G,E
5420,C,C
5421,I,E
5422,C,E
5423,C,C
5424,C,C
5425,B,E
5426,C,E
5427,B,E
5428,C,C
5429,C,E
5430,I,C
5431,C,C
5432,C,E
5433,C,E
5434,C,E
5435,I,H
5436,C,C
5437,I,E
5438,I,E
5439,I,E
5440,B,C
5441,H,E
5442,H,E
5443,H,E
5444,I,E
5445,I,E
5446,I,E
5447,I,E
5448,I,E
5449,I,C
5450,I,E
5451,G,C
5452,G,E
5453,G,C
5454,I,E
5455,I,C
5456,I,E
5457,C,E
5458,I,E
5459,I,E
5460,I,C
5461,I,E
5462,I,C
5463,I,E
5464,I,E
5465,I,E
5466,G,E
5467,C,E
5468,I,E
5469,C,E
5470,C,E
5471,C,E
5472,C,E
5473,I,E
5474,C,E
5475,I,C
5476,G,E
5477,H,E
5478,G,E
5479,I,E
5480,C,E
5481,I,C
5482,I,E
5483,I,E
5484,I,E
5485,I,E
5486,I,C
5487,I,C
5488,I,E
5489,I,E
5490,I,E
5491,I,C
5492,I,E
5493,H,E
5494,C,C
5495,H,E
5496,H,C
5497,C,E
5498,H,E
5499,H,E
5500,H,E
5501,C,E
5502,C,C
5503,I,C
5504,G,E
5505,C,E
5506,C,E
5507,H,E
5508,C,C
5509,H,C
5510,H,C
5511,C,C
5512,I,C
5513,C,E
5514,H,C
5515,H,E
5516,H,E
5517,H,H
5518,C,E
5519,C,E
5520,C,C
5521,H,E
5522,H,E
5523,C,E
5524,H,C
5525,C,C
5526,C,C
5527,H,E
5528,H,C
5529,C,E
5530,I,E
5531,I,C
5532,C,E
5533,I,H
5534,C,C
5535,I,C
5536,C,C
5537,I,C
5538,I,C
5539,I,C
5540,I,H
5541,H,C
5542,H,H
5543,H,E
5544,I,C
5545,I,C
5546,C,C
5547,H,C
5548,I,C
5549,C,C
5550,I,C
5551,I,C
5552,I,C
5553,C,C
5554,I,C
5555,I,C
5556,I,C
5557,C,C
5558,C,C
5559,C,C
5560,C,E
5561,C,C
5562,H,E
5563,B,C
5564,H,C
5565,I,C
5566,E,C
5567,I,C
5568,I,C
5569,I,E
5570,C,C
5571,I,E
5572,C,E
5573,I,C
5574,C,C
5575,C,C
5576,C,C
5577,C,C
5578,H,C
5579,G,E
5580,H,C
5581,H,E
5582,H,E
5583,I,C
5584,G,E
5585,G,C
5586,C,C
5587,I,E
5588,C,C
5589,H,C
5590,I,C
5591,C,C
5592,C,C
5593,C,C
5594,I,C
5595,I,C
5596,C,C
5597,C,E
5598,H,E
5599,I,E
5600,C,E
